{"products":[{"id":"0.05076467544844876","qty":4}],"totalPrice":94.39999999990687}